Model,Accuracy,Format_Adherence,Brier (Calibration),AUC
DeepSeek-R1-32B,0.5294117647058824,0.9705882352941176,0.38257575757575757,0.6185185185185185
Qwen3-30B,0.5588235294117647,0.9705882352941176,0.3636363636363637,0.6560150375939849
GPT-OSS-20B,0.4411764705882353,1.0,0.47625000000000006,0.5526315789473685
